Keyword	Volume
worlds best cat litter	13000
best buy gift card	13000
world's best cat litter	4200
seattles best ground coffee	3600
my best friends wedding	3100
doctors best magnesium chelated	2800
best dog training collar	2600
best gifts for men	2300
best gifts for women	2100
the best of me	2100
the best of enemies	2000
best noise cancelling headphones	1800
worlds best boss mug	1700
best pillows for sleeping	1700
best press spray starch	1300
doctors best vitamin c	1200
gifts for best friend	1100
golf range finder best	1000
best probiotics for dogs	1000
best christmas pageant ever	1000
