best women's backpack for work	1300
best laptop backpack for women	400
best backpack with wheels for travel	350
best rolling backpack for travel	300
best backpack diaper bag for twins	200
best work backpack for women	200
best work backpack for men	200
best backpack for disney	150
best dog backpack carrier for hiking	150
best running backpack for commuting	150
best backpack for medical school	150
best backpack for everyday use	150
best rolling backpack for college	150
best backpack for college reddit	150
best backpack for nursing students	150
best military backpack for hiking	150
best backpack for high school boy	100
best wheeled backpack for europe travel	100
best backpack for gym and work	100
best backpack for high school freshman	100
best dog backpack for hiking	100
best backpack for rucking	100
best waterproof backpack for hiking	100
best mens backpack for work	100
best backpack purse for travel	100
best day backpack for travel	100
best diaper backpack for twins	100
best backpack for back pain	100
best backpack for biking	100
best backpack for skiing	100
best hunting backpack for elk hunt	100
best backpack for law school	100
best backpack for disney world	90
best rolling backpack for kids	90
best backpack for nursing school	90
best backpack for shoulder pain	90
best backpack for bike commuting	90
best backpack for macbook pro 15	90
best backpack for moms	90
best backpack for europe	80
best backpack for hunting	80
best rolling backpack for middle school	80
best backpack for motorcycle	80
best sling backpack for travel	80
best backpack for macbook pro 13	80
best backpack for back problems	80
best backpack for amusement parks	70
best north face backpack for travel	70
best backpack for macbook pro	70
best backpack for disneyland	70
best backpack for teachers	70
best wheeled backpack for school	70
best jansport backpack for college	70
best travel backpack for kids	70
best backpack for running	70
best north face backpack for college	70
best backpack for search and rescue	60
reddit best backpack for college	60
best tool backpack for electrician	60
best backpack for cycling	60
best women's backpack for everyday use	60
best backpack for europe trip	60
best backpack for nurses	60
best backpack for theme parks	60
best backpack for college girl	60
best backpack purse for moms	60
best backpack for mountain biking	60
best backpack for work and gym	50
best backpack for motorcycle commuting	50
best backpack for college 2015	50
best nike backpack for school	50
best backpack for running to work	50
best sling backpack for laptop	50
best backpack for toddler	50
best travel backpack for moms	50
best backpack for elk hunting	50
best diaper backpack for two	50
best herschel backpack for college	50
best sling backpack for men	50
best backpack for your back	50
best backpack for camino de santiago	40
best backpack for spirit airlines	40
best backpack for daily use	40
best backpack sprayer for the money	40
best backpack for back	40
best waterproof backpack for biking	40
best backpack for travel in europe	40
best backpack for bad back	40
best swissgear backpack for travel	40
best backpack for work women	40
best waterproof backpack for college	40
best rolling backpack for nursing school	40
best backpack vacuum for home use	40
best leather backpack for men	40
best backpack sprayer for roundup	40
best backpack for emergency kit	40
best backpack for homeless	40
best camera backpack for hiking 2015	40
best backpack diaper bag for two kids	30
best laptop backpack for college 2015	30
best sling backpack for school	30
best backpack for lower back pain	30
best jansport backpack for high school	30
best backpack for heavy loads	30
best baby backpack for travel	30
best camera backpack for women	30
best backpack for traveling with toddlers	30
best backpack for survival	30
best backpack for back support	30
best water resistant backpack for college	30
best osprey backpack for school	30
best waterproof backpack for college students	30
best backpack for philmont scout ranch	30
best rolling backpack for adults	30
best swissgear backpack for college	30
best backpack for parents	30
best backpack for toddlers	30
best backpack for macbook pro 15 inch	30
best backpack for neck pain	30
best backpack vacuum for hardwood floors	30
best backpack for snowboarding	30
best rolling backpack for school	30
best backpack for personal item	30
best backpack for music producers	30
best north face backpack for diaper bag	20
best oakley backpack for travel	20
best north face backpack for laptop	20
best backpack for philmont	20
best backpack for scoliosis	20
best backpack for bow hunting	20
best backpack for conventions	20
best backpack for heavy textbooks	20
the best rolling backpack for school	20
best backpack for fishing	20
best backpack for macbook pro 15 retina	20
best backpack sprayer for compost tea	20
best roller backpack for travel	20
best jansport backpack for college students	20
best backpack vacuum for carpet	20
best rain cover for backpack	20
best backpack harness for toddlers	20
best backpack for moms of toddlers	20
best hiking backpack for kids	20
best backpack for european travel	20
best backpack diaper bag for cloth diapers	20
best backpack for biking to work	20
best backpack for john muir trail	20
best backpack for macbook pro 13 retina	20
best north face backpack for hiking	20
best wheeled backpack for college	20
best leather backpack for travel	20
best backpack for cruise	20
best backpack for camera and hiking	20
best packable backpack for travel	20
best rolling backpack for girls	20
best north face backpack for school	20
best avalanche backpack for snowmobiling	20
best backpack for tools	20
best personal item backpack for travel	20
best backpack for walt disney world	20
best backpack for musicians	20
best size backpack for kindergarten	20
best camera insert for backpack	20
best business backpack for women	20
best canvas backpack for college	20
best backpack for boy scouts	20
best mini backpack for travel	20
best backpack for work 2016	20
best swissgear backpack for school	20
best backpack for study abroad	20
best rolling backpack for nursing students	20
best canvas backpack for travel	20
best jansport backpack for middle school	20
best backpack straps for treestand	10
best laptop backpack for ladies	10
the best backpack for backpacking	10
best backpack for scouts	10
best backpack for 3 year old	10
best tumi backpack for travel	10
best backpack for survival kit	10
best backpack for motorcycle riding	10
best under armour backpack for college	10
best backpack carrier for baby	10
best laptop backpack for bike commuting	10
best hydration backpack for cycling	10
best backpack for bike riding	10
best backpack for lots of books	10
best computer backpack for men	10
best backpack for denali	10
the best backpack for hiking	10
best vera bradley backpack for college	10
best under armour backpack for school	10
best backpack for 15 inch macbook pro	10
best rolling backpack for high school	10
the best north face backpack for college	10
best backpack for commuting by bicycle	10
best herschel backpack for laptop	10
best backpack for machu picchu	10
best small backpack for day trips	10
best rolling laptop backpack for college	10
best backpack for dji phantom 4	10
best dslr camera backpack for hiking	10
best hydration backpack for runners	10
best camera backpack for skiing	10
best backpack for 2 laptops	10
best tumi backpack for business	10
best high sierra backpack for college	10
best ll bean backpack for college	10
best osprey backpack for women	10
best north face backpack for work	10
