best backpack with wheels for travel	350
best backpack reddit	300
best backpack vacuum	300
outward best backpack	250
best backpack diaper bag for twins	200
best backpack diaper bag 2016	200
kenshi best backpack	200
best backpack for disney	150
best backpack blower 2016	150
best backpack companies	150
best backpack under 100	150
best backpack with wheels	150
reddit best backpack	150
best backpack for medical school	150
best backpack for everyday use	150
best backpack for college reddit	150
best backpack purse	150
best backpack for nursing students	150
best backpack in unturned	100
best backpack for high school boy	100
best backpack for gym and work	100
best backpack 2016	100
best backpack for high school freshman	100
best backpack under 50	100
best backpack sprayers	100
best backpack for rucking	100
best backpack purse for travel	100
best backpack for back pain	100
best backpack to use as diaper bag	100
best backpack brand	100
best backpack for biking	100
best backpack for skiing	100
best backpack for law school	100
best backpack tool bag	90
best backpack for disney world	90
best backpack for nursing school	90
best backpack to travel europe	90
best backpack for shoulder pain	90
best backpack for bike commuting	90
best backpack for macbook pro 15	90
best backpack for moms	90
best backpack for europe	80
best backpack wirecutter	80
best backpack for hunting	80
best backpack for motorcycle	80
best backpack mod minecraft	80
best backpack for macbook pro 13	80
best backpack for back problems	80
best backpack diaper bag 2015	80
best backpack blower 2017	80
best backpack for amusement parks	70
best backpack for macbook pro	70
best backpack for disneyland	70
best backpack for teachers	70
unturned best backpack	70
best backpack for running	70
best backpack for search and rescue	60
unturned best backpack id	60
reddit best backpack for college	60
best backpack amazon	60
best backpack sprayer reviews	60
wirecutter best backpack	60
best backpack for cycling	60
best backpack for europe trip	60
best backpack for nurses	60
best backpack for theme parks	60
best backpack for college girl	60
best backpack purse for moms	60
best backpack leaf blowers 2015	60
best backpack for mountain biking	60
best backpack for work and gym	50
best backpack for motorcycle commuting	50
best backpack for college 2015	50
best backpack for running to work	50
best backpack rain cover	50
best backpack for toddler	50
best backpack for elk hunting	50
best backpack material	50
best backpack for your back	50
best backpack for camino de santiago	40
best backpack for spirit airlines	40
best backpack blowers 2015	40
best backpack unturned	40
best backpack tackle box	40
best backpack for daily use	40
best backpack for back	40
best backpack sprayer for the money	40
best backpack for travel in europe	40
who makes the best backpack sprayer	40
best backpack organizer	40
best backpack with water bottle holder	40
best backpack for bad back	40
best backpack accessories	40
best backpack for work women	40
best backpack purses	40
best backpack manufacturers	40
best backpack vacuum for home use	40
best backpack sprayer for roundup	40
best backpack for emergency kit	40
best backpack for homeless	40
best backpack company	40
best backpack leaf blower 2015	40
best backpack diaper bag for two kids	30
best backpack rappers	30
best backpack for lower back pain	30
best backpack kickstarter	30
best backpack for heavy loads	30
best backpack vacuum cleaner	30
best backpack for traveling with toddlers	30
best backpack for survival	30
best backpack for back support	30
best backpack weed sprayer	30
best backpack for philmont scout ranch	30
best backpack for parents	30
best backpack cooler 2016	30
best backpack for toddlers	30
best backpack for macbook pro 15 inch	30
best backpack blower 2015	30
best backpack for neck pain	30
best backpack vacuum for hardwood floors	30
best backpack for snowboarding	30
best backpack for personal item	30
best backpack with shoe compartment	30
best backpack for music producers	30
