best hiking backpacks	3100
best edc backpack	1200
best anti theft backpack	800
best business backpack	500
best north face backpack	400
best rolling backpack	400
best 17 inch laptop backpack	350
best survival backpack	350
best tool backpack	350
best hunting backpacks	300
basketball backpacks for players	200
backpack for groceries	150
best mountain biking backpacks	150
backpack that opens like a suitcase	150
best bushcraft backpacks	100
best cycling backpacks	100
best business laptop backpack	90
best fishing backpacks	80
best rucking backpack	50
best backpack for work and gym	50
best backpack for spirit airlines	40
best backpack with water bottle holder	40
best skateboard backpacks	30
best backpacks with wheels	30
best waterproof laptop backpacks	30
best smell proof backpack	20
best dual laptop backpack	20
best cheap travel backpacks	10
best osprey hiking backpack	10
